bucket,split,p_micro,r_micro,f_micro,p_macro,r_macro,f_macro
Q1 (short),Q1 (short),1.0,1.0,1.0,1.0,1.0,1.0
Q2,Q2,1.0,1.0,1.0,1.0,1.0,1.0
Q3,Q3,1.0,1.0,1.0,1.0,1.0,1.0
Q4 (long),Q4 (long),0.9949766774309293,0.943678747660371,0.9686490262859139,0.9955217961926909,0.9294394058654415,0.9611091761205262
