split,mode,p_micro,r_micro,f_micro,p_macro,r_macro,f_macro
VAL,global,0.9990634950365237,0.9782967536834383,0.9885710755544573,0.9990357608851164,0.9701224987966559,0.9843181623272805
VAL,perlabel,0.9982558863834559,0.9797640154062481,0.9889235136219184,0.9982744094012718,0.9715941332067072,0.9847030718906493
TEST,global,0.9990038866209522,0.9789012253150436,0.9888503981371846,0.9991460792711783,0.971138333824674,0.98489212837106
TEST,perlabel,0.9971444534111367,0.9799121538005682,0.9884532040490706,0.9967213097993088,0.9722193368697786,0.9842738507474328
